2,20,Equal,t,string,id,{client}
3,20,Equal,t,int,TimeBetweenJwksRequests,{}
4,20,Equal,t,int,PublicKeyCahcheTtl,{}
5,20,Boolean,t,boolean,PublicKeyLocator,{}
6,21,Equal,t,string,id,"{Jwt,Credentials}"
7,22,Equal,t,string,id,"{Jwt,Credentials,Secret}"
8,23,Null,f,null,deployment,{}
9,23,Null,f,null,client,{client}
10,23,Equal,t,long,connectionTimeout,{timeout}
11,23,Equal,t,long,socketTimeout,{timeout}
12,24,Equal,t,string,realm,{}
13,24,Equal,t,string,CorsAllowedHeaders,{}
14,24,Equal,t,string,CorsExposedHeaders,{}
15,24,Boolean,t,boolean,Bearer,{}
16,24,Boolean,t,boolean,PublicClient,{}
17,24,Boolean,t,boolean,BasicAuth,{}
18,24,Boolean,t,boolean,ExposeToken,{}
19,24,Boolean,t,boolean,OAuthQueryParameter,{}
20,24,Equal,t,string,ResourceCredentials,{}
21,24,Equal,t,stirng,id,{}
22,24,Equal,t,int,ConnectionManager,{}
23,24,Equal,t,string,RelativeUrls,{}
24,24,Boolean,t,boolean,RefreshToken,{}
25,24,Boolean,t,boolean,RegisterNodeAtStartup,{}
26,24,Equal,t,int,RegisterNodePeriod,{}
27,24,Equal,f,AdapterTokenStore,TokenStore,{}
28,24,Equal,t,string,PrincipalAttribute,{}
29,24,Equal,t,int,TokenMinimumTimeToLive,{}
30,24,Equal,t,int,MinTimeBetweenJwksRequests,{}
31,24,Equal,t,int,PublickKeyCacheTtl,{}
32,24,Equal,t,string,RedirectRewriteRules,{}
33,24,Boolean,t,boolean,TokenAudience,{}
34,24,Equal,t,string,ResourceName,{}
35,24,Equal,f,PublicKey,PublicKey,{}
36,24,Boolean,t,boolean,PublicKeyLocator,{}
37,24,Boolean,t,boolean,ResourceRoleMappings,{}
38,24,Boolean,t,boolean,Cors,{}
39,24,Equal,t,string,SslRequired,{}
40,24,Equal,t,string,CorsAllowedMethods,{}
41,24,Equal,t,string,AuthServerBaseUrl,{}
42,24,Equal,t,int,CorsMaxAge,{}
43,25,Boolean,t,boolean,OAuthQueryParameterEnabled,"{OAuth,Query,Param,Enable}"
44,26,Boolean,t,boolean,OAuthQueryParameterEnabled,"{OAuth,Query,Param,Enable}"
45,27,Equal,t,string,AuthServerbaseUrl,{}
46,27,Equal,t,string,AuthServerBaseUrl,{}
47,28,Boolean,t,boolean,Active,{active}
48,29,Boolean,t,boolean,Active,{active}
49,29,Boolean,t,boolean,Active,{active}
50,30,Boolean,t,boolean,Role,{}
51,30,Equal,t,string,Id,{}
52,30,Equal,t,string,Id,{}
53,30,Equal,t,string,IdToken,{}
54,30,Equal,t,string,Token,{}
55,30,Equal,t,string,email,{}
56,30,Equal,t,string,realm,{}
57,30,Boolean,t,boolean,Role,{}
58,31,Null,t,null,constructor,{}
59,31,Equal,f,class,string,{}
60,31,Equal,f,class,object,{}
61,31,Equal,f,class,realm,{}
62,31,Equal,f,class,principal,{}
63,31,Equal,f,class,list,{}
64,31,Equal,f,class,subject,{}
65,32,Equal,t,string,constructor,{}
66,32,Equal,t,string,realm,{}
67,32,Equal,t,string,realm,{}
68,32,Equal,t,string,realm,{}
69,32,Equal,t,string,realm,{}
71,32,Equal,t,string,realm,{}
72,33,Null,f,KeycloakDeployment,populate,{}
73,33,Null,f,KeycloakDeployment,populate,{}
74,33,Null,f,KeycloakDeployment,populate,{}
75,33,Null,f,KeycloakDeployment,populate,{}
76,33,Null,f,KeycloakDeployment,populate,{}
77,34,Boolean,t,boolean,request,{request}
78,35,Boolean,t,boolean,request,{request}
79,36,Equal,f,integer,status,{}
80,36,Equal,t,string,header,{}
81,37,Equal,f,integer,status,{}
82,37,Equal,t,string,header,{}
83,38,Equal,f,integer,status,{}
84,38,Null,f,null,header,{}
85,39,Equal,f,RequestMatcher,request,"{request,matcher}"
86,40,Null,f,Authentication,token,{}
87,40,Equal,f,RolePermissions,roles,{}
88,40,Null,f,Principal,principal,{}
89,40,Boolean,t,boolean,authenticated,{authenticate}
90,40,Null,f,Map,credentials,{}
91,40,Null,f,Map,details,{}
92,41,Boolean,t,boolean,KeycloakAuthenticationToken,{supports}
93,41,Boolean,t,boolean,PreAuthenticatedAuthenticationToken,{supports}
94,42,Equal,f,Set,Authorities,{authorities}
95,43,Equal,f,KeycloakDeployment,keycloakDeployment,{logout}
70,32,Fails,f,fail,fail statement,{}
96,45,Null,f,null,sessionId,"{session,id}"
97,46,Null,f,null,sessionId,"{session,id}"
98,47,Null,t,null,SecurityContextHolder,{authentication}
99,47,Equal,t,string,KeycloakSecurityContext,{}
100,47,Boolean,t,boolean,KeycloakAuthenticationToken,{authentication}
101,48,Equal,t,string,KeycloakSecurityContext,{}
102,48,Boolean,t,boolean,AccountInfo,{}
104,50,Null,f,null,session,{}
105,51,Null,f,null,session,{}
106,52,Null,f,null,facade,"{security,context}"
107,53,Null,f,null,request,"{get,method}"
108,53,Equal,t,string,request,"{get,method}"
109,54,Equal,t,string,request,"{get,URI}"
110,55,Boolean,t,boolean,request,"{is,secure}"
111,56,Null,f,null,request,"{get,cookie}"
112,57,Null,f,null,request,"{get,query,param,value}"
113,57,Null,f,null,request,"{get,query,param,value}"
114,59,Equal,t,string,header,{header}
115,59,Null,f,null,header,{header}
116,60,Equal,t,integer,headers,{headers}
117,60,Null,f,null,headers,{headers}
118,60,Boolean,t,booean,headers,{headers}
119,60,Boolean,t,boolean,headers,{headers}
120,61,Null,f,null,request,"{get,input,stream}"
121,62,Null,f,null,request,"{get,remote,addr}"
122,63,Equal,t,string,mockResponse,{cookie}
123,63,Equal,t,string,mockResponse,{cookie}
124,63,Equal,t,string,mockResponse,{cookie}
125,63,Equal,t,int,mockResponse,{cookie}
126,64,Equal,t,string,name,{cookie}
127,64,Equal,t,string,path,{cookie}
128,64,Equal,t,int,age,{cookie}
129,64,Equal,t,string,domain,{cookie}
130,64,Equal,t,string,value,{cookie}
131,64,Equal,t,boolean,httpOnly,{cookie}
132,65,Equal,t,integer,status,{status}
133,66,Boolean,t,boolean,header,{header}
134,67,Boolean,t,boolean,header,{header}
135,68,Null,f,null,OutputStream,"{output,stream}"
136,69,Equal,t,integer,status,{}
137,69,Equal,t,string,ErrorMessage,{error}
138,75,Equal,t,integer,CreateCount,{}
139,75,Equal,t,integer,MaxActive,{}
140,75,Equal,t,integer,connections,{}
141,75,Equal,t,integer,ActiveCount,{}
142,75,Equal,t,integer,MaxActive,{}
143,75,Equal,t,integer,ActiveCount,{}
144,75,Equal,t,integer,connections,{}
145,75,Equal,t,integer,PoolingCount,{}
146,75,Equal,t,integer,ActiveCount,{}
147,75,Equal,t,integer,ActiveCount,{}
148,75,Equal,t,integer,ActiveCount,{}
149,75,Equal,t,integer,InitialSize,{}
150,75,Equal,t,integer,InitialSize,{}
151,75,Equal,t,integer,ActiveCount,{}
152,75,Equal,t,integer,ActiveCount,{}
153,75,Equal,t,integer,ActiveCount,{}
154,75,Equal,t,integer,CreateCount,{}
155,75,Equal,t,integer,ActiveCount,{}
156,75,Equal,t,integer,Connections,{}
157,75,Equal,t,integer,DestroyCount,{}
158,77,Equal,t,integer,count,{}
159,77,Equal,t,long,C9,{}
160,77,Equal,t,long,C10,{}
161,77,Equal,t,long,C11,{}
162,77,Equal,t,long,C12,{}
163,77,Equal,t,long,C13,{}
164,77,Equal,t,long,C14,{}
165,77,Equal,t,long,C15,{}
166,77,Equal,t,long,C16,{}
167,77,Equal,t,long,C17,{}
168,77,Equal,t,long,C18,{}
169,77,Equal,t,long,C19,{}
170,77,Equal,t,long,C0,{}
171,77,Equal,t,long,C2,{}
172,77,Equal,t,long,C3,{}
173,77,Equal,t,long,C5,{}
174,77,Equal,t,long,C1,{}
175,77,Equal,t,long,C4,{}
176,77,Equal,t,long,C6,{}
177,77,Equal,t,long,C7,{}
178,77,Equal,t,long,C8,{}
179,78,Equal,t,boolean,rowCount,{}
180,81,Null,f,null,dao_c3p0,{c3p0}
181,82,Null,f,null,dao_druid,{druid}
182,85,Equal,t,int,balance,"{get,weight}"
183,86,Equal,t,integer,balance,"{get,weight}"
184,86,Equal,t,integer,balance,"{get,weight}"
185,87,Boolean,t,boolean,count,{}
186,88,Equal,t,integer,HashCode,{route}
187,89,Boolean,t,boolean,count,{}
188,90,Boolean,t,boolean,selected,{select}
189,90,Equal,t,integer,sumInvoker,{}
190,91,Equal,t,integer,WarmupWeight,{warmup}
556,215,Equal,t,int,TabId,{}
191,91,Equal,t,integer,WarmupWeight,{warmup}
192,91,Equal,t,integer,WarmupWeight,{warmup}
193,91,Equal,t,integer,WarmupWeight,{warmup}
194,91,Equal,t,integer,WarmupWeight,{warmup}
195,91,Equal,t,integer,WarmupWeight,{warmup}
196,91,Equal,t,integer,WarmupWeight,{warmup}
197,91,Equal,t,integer,WarmupWeight,{warmup}
198,91,Equal,t,integer,WarmupWeight,{warmup}
199,91,Equal,t,integer,WarmupWeight,{warmup}
200,91,Equal,t,integer,WarmupWeight,{warmup}
201,91,Equal,t,integer,WarmupWeight,{warmup}
203,91,Equal,t,integer,WarmupWeight,{warmup}
202,91,Equal,t,integer,WarmupWeight,{warmup}
204,92,Boolean,t,boolean,count,{}
205,92,Equal,t,integer,invoker2,{}
206,92,Equal,t,integer,runs,{}
207,92,Equal,t,integer,invoker3,{}
208,92,Equal,t,integer,invoker4,{}
209,92,Equal,t,integer,invoker5,{}
210,93,Equal,t,integer,sumInvoker,{}
211,94,Boolean,t,boolean,count,{}
212,95,Boolean,t,boolean,invokeResult,{}
213,95,Equal,t,integer,invokeCount,{}
214,96,Boolean,t,boolean,invokeResult,{}
215,96,Equal,t,integer,invokeCount,{}
216,96,Equal,t,integer,invokeResult,{}
217,96,Equal,t,intger,weightInvokers,{}
218,96,Boolean,t,boolean,invokeResult,{}
219,96,Equal,t,integer,weightInvokers,{}
220,97,Boolean,t,boolean,invokeResult,{}
221,97,Equal,t,integer,weightInvokers,{}
222,97,Equal,t,integer,invokeResult,{}
223,97,Boolean,t,boolean,invokeResult,{}
224,97,Equal,t,integer,invokeCount,{}
225,97,Boolean,t,boolean,true,{}
226,97,Equal,t,intger,weightInvokers,{}
227,98,Boolean,t,boolean,selected,{select}
228,98,Equal,t,integer,sumInvoker,{}
229,99,Boolean,t,boolean,maxDeviation,{}
230,99,Equal,t,integer,sumInvoker,{}
231,99,Boolean,t,boolean,maxDeviation,{}
232,100,Equal,t,string,exception,{exception}
233,100,Fails,f,fail,fail,{}
234,101,Boolean,t,boolean,result,{array}
235,101,Equal,t,integer,length,{array}
236,101,Boolean,t,boolean,result,{array}
237,101,Equal,t,integer,array,{array}
238,101,Equal,t,integer,array,{array}
239,101,Equal,t,string,array,{array}
240,101,Equal,t,integer,length,{array}
241,101,Equal,t,integer,array,{array}
242,101,Equal,f,class,result,{}
243,101,Boolean,t,boolean,result,{array}
244,101,Equal,t,integer,length,{array}
246,102,Equal,t,boolean,mergedResult,{merge}
247,102,Equal,t,integer,length,{}
248,102,Equal,t,integer,length,{}
250,103,Equal,t,integer,length,{}
251,103,Equal,t,integer,length,{}
255,104,Equal,t,integer,length,{}
256,104,Equal,t,integer,length,{}
259,105,Equal,t,integer,length,{}
260,105,Equal,t,integer,length,{}
263,106,Equal,t,integer,length,{}
264,106,Equal,t,integer,length,{}
267,107,Equal,t,integer,length,{}
268,107,Equal,t,integer,length,{}
270,108,Equal,f,ArrayList<String>,result,{}
273,109,Equal,t,integer,size,{}
274,109,Equal,f,"Map<String, Integer>",mergedResult,{merge}
275,109,Equal,t,integer,size,{}
276,109,Equal,t,integer,size,{}
278,110,Equal,t,long,mergedResult,{merge}
285,112,Equal,t,integer,size,{}
286,112,Equal,f,HashSet<String>,result,{}
287,112,Equal,t,integer,size,{}
288,112,Equal,t,integer,size,{}
245,102,Equal,t,integer,length,{}
249,103,Equal,t,integer,length,{}
252,103,Equal,t,byte,mergedResult,{merge}
253,104,Equal,t,integer,length,{}
254,104,Equal,t,char,mergedResult,{merge}
257,105,Equal,t,integer,length,{}
258,105,Equal,t,double,mergedResult,{merge}
261,106,Equal,t,integer,length,{}
262,106,Equal,t,float,mergedResult,{merge}
265,107,Equal,t,integer,length,{}
266,107,Equal,f,int[],mergedResult,{merge}
269,108,Equal,t,integer,size,{}
271,108,Equal,t,integer,size,{}
272,108,Equal,t,integer,size,{}
277,110,Equal,t,integer,length,{}
279,110,Equal,t,integer,length,{}
280,110,Equal,t,integer,length,{}
281,111,Equal,t,integer,length,{}
282,111,Equal,t,short,mergedResult,{merge}
283,111,Equal,t,integer,length,{}
284,111,Equal,t,integer,length,{}
289,118,Equal,t,string,key,"{tag,router,rule}"
290,118,Null,f,null,addresses,"{tag,router,rule}"
291,118,Equal,t,integer,size,"{tag,router,rule}"
292,118,Equal,t,integer,priority,"{tag,router,rule}"
293,118,Equal,t,integer,size,"{tag,router,rule}"
294,118,Equal,f,string,TagNames,"{tag,router,rule}"
295,118,Equal,f,string,TagNames,"{tag,router,rule}"
296,118,Equal,f,string,Addresses,"{tag,router,rule}"
297,118,Null,f,null,addresses,"{tag,router,rule}"
298,118,Null,f,null,addresses,"{tag,router,rule}"
299,118,Equal,f,string,TagNames,"{tag,router,rule}"
300,118,Equal,f,string,TagNames,"{tag,router,rule}"
301,119,Boolean,t,boolean,AppName,{}
302,119,Boolean,t,boolean,DestinationRuleList,{}
303,119,Boolean,t,boolean,VirtualServiceRuleList,{}
304,119,Boolean,t,boolean,DestinationRuleList,{}
305,119,Boolean,t,boolean,VirtualServiceRuleList,{}
306,119,Boolean,t,boolean,AppName,{}
307,122,Boolean,t,boolean,AppName,{}
308,122,Boolean,t,boolean,DestinationRuleList,{}
309,122,Boolean,t,boolean,VirtualServiceRuleList,{}
310,122,Boolean,t,boolean,AppName,{}
311,122,Boolean,t,boolean,DestinationRuleList,{}
312,122,Boolean,t,boolean,VirtualServiceRuleList,{}
313,123,Equal,t,string,result,{}
314,124,Equal,t,string,AppName,{}
315,124,Null,f,null,result,{}
316,124,Equal,t,integer,VirtualServiceRuleList,{}
317,124,Equal,t,integer,DestinationRuleList,{}
318,127,Boolean,t,boolean,meshRuleRouter,"{contain,map,key,value}"
319,127,Boolean,t,boolean,meshRuleRouter,"{contain,map,key,value}"
320,127,Boolean,t,boolean,meshRuleRouter,"{contain,map,key,value}"
321,127,Boolean,t,boolean,meshRuleRouter,"{contain,map,key,value}"
322,128,Boolean,t,boolean,size,{}
323,128,Boolean,t,boolean,key,{}
324,128,Boolean,t,boolean,key,{}
325,128,Boolean,t,boolean,key,{}
326,128,Boolean,t,boolean,result,{}
327,128,Boolean,t,boolean,result,{}
328,128,Boolean,t,boolean,result,{}
329,129,Null,f,null,SubsetMap,{subset}
330,129,Boolean,t,boolean,SubsetMap,{subset}
331,130,Null,f,null,RouteDetail,"{find,match,dubbo,route,detail}"
332,130,Null,f,null,result,{}
333,130,Equal,t,string,name,{}
334,130,Null,f,null,result,{}
335,130,Equal,t,string,name,{}
336,130,Null,f,null,result,{}
337,131,Null,f,null,RouteDestination,"{get,dubbo,route,destination}"
338,131,Null,f,null,RouteDestination,"{get,dubbo,route,destination}"
339,132,Null,f,null,result,{}
340,132,Null,f,null,result,{}
341,133,Null,f,null,subsetMap,{}
342,133,Null,f,null,subsetMap,{}
343,134,Equal,f,List<Invoker<?>>,route,{route}
344,134,Equal,f,List<Invoker<?>>,route,{route}
345,134,Equal,t,integer,size,{route}
346,134,Equal,f,"Map<string, string>",ServiceParameters,{route}
347,135,Equal,f,List<Invoker<?>>,route,{route}
348,135,Equal,t,integer,size,{route}
349,135,Equal,f,"Map<string, string>",ServiceParameters,{route}
350,135,Null,f,null,route,{route}
351,135,Null,f,null,route,{route}
352,136,Equal,t,string,message,{message}
353,137,Equal,t,string,message,{message}
354,138,Equal,t,string,message,{message}
355,139,Equal,t,string,message,{}
356,140,Equal,f,List<string>,namespaces,{admin}
357,141,Equal,f,T,receivedMessage,{}
358,141,Boolean,t,boolean,messagesReceived,{}
359,141,Null,f,null,msg,{}
360,141,Fails,f,fail,fail,{}
361,141,Fails,f,fail,fail,{}
362,141,Fails,f,fail,fail,{}
363,141,Fails,f,fail,fail,{}
364,142,Null,f,null,m,{}
365,142,Fails,f,fail,fail,{}
366,142,Fails,f,fail,fail,{}
367,142,Null,f,null,m,{}
368,142,Null,f,null,m,{}
369,142,Fails,f,fail,fail,{}
370,142,Null,f,null,m,{}
371,142,Boolean,t,boolean,messages,{}
372,142,Fails,f,fail,fail,{}
373,143,Null,f,null,msg,{}
374,143,Equal,t,string,receivedMessage,{}
375,143,Boolean,t,boolean,messagesReceived,{}
376,143,Equal,t,string,receivedMessage,{}
377,143,Fails,f,fail,fail,{}
378,143,Null,f,null,msg,{}
379,144,Equal,t,int,size,{}
380,144,Equal,t,string,version,{}
381,144,Equal,t,string,receivedMessage,{}
382,144,Boolean,t,boolean,ctx,{}
383,144,Fails,f,fail,fail,{}
384,144,Fails,f,fail,fail,{}
385,144,Equal,t,string,receivedMessage,{}
386,144,Fails,f,fail,fail,{}
387,144,Fails,f,fail,fail,{}
388,145,Equal,t,int,size,{}
389,145,Fails,f,fail,fail,{}
390,145,Equal,t,string,version,{}
391,145,Fails,f,fail,fail,{}
392,145,Boolean,t,boolean,ctx,{}
393,145,Fails,f,fail,fail,{}
394,145,Equal,t,string,receivedMessage,{}
395,145,Fails,f,fail,fail,{}
396,146,Null,f,null,msg,{}
397,146,Boolean,t,boolean,messagesReceived,{}
398,146,Fails,f,fail,fail,{}
399,146,Equal,t,string,receivedMessage,{}
400,146,Fails,f,fail,fail,{}
401,146,Fails,f,fail,fail,{}
402,146,Fails,f,fail,fail,{}
403,147,Null,f,null,m,{}
404,147,Boolean,t,boolean,messages,{}
405,147,Fails,f,fail,fail,{}
406,147,Fails,f,fail,fail,{}
407,147,Null,f,null,m,{}
408,147,Fails,f,fail,fail,{}
409,147,Null,f,null,m,{}
410,147,Fails,f,fail,fail,{}
411,147,Null,f,null,m,{}
412,148,Fails,f,fail,fail,{}
413,148,Null,f,null,msg,{}
414,148,Equal,t,string,receivedMessage,{}
415,148,Fails,f,fail,fail,{}
416,148,Null,f,null,msg,{}
417,149,Equal,t,string,message,{}
418,150,Equal,f,List<string>,namespace,{admin}
419,151,Equal,t,string,message,{}
420,152,Fails,f,fail,fail,{}
421,152,Fails,f,fail,fail,{}
422,152,Equal,t,string,receivedMessage,{}
423,152,Fails,f,fail,fail,{}
424,152,Null,f,null,msg,{}
425,152,Fails,f,fail,fail,{}
426,152,Boolean,f,List<string>,messagesReceived,{}
427,153,Fails,f,fail,fail,{}
428,153,Fails,f,fail,fail,{}
429,153,Fails,f,fail,fail,{}
430,153,Boolean,t,boolean,messages,{message}
431,153,Null,f,null,m,{}
432,153,Fails,f,fail,fail,{}
433,153,Null,f,null,m,{}
435,153,Null,f,null,m,{}
434,153,Null,f,null,m,{}
436,154,Fails,f,fail,fail,{}
437,154,Equal,t,int,size,{}
438,154,Boolean,t,boolean,ctx,{}
439,154,Fails,f,fail,fail,{}
440,154,Fails,f,fail,fail,{}
441,154,Equal,t,string,receivedMessage,{}
442,154,Fails,f,fail,fail,{}
443,154,Equal,t,string,version,{}
444,155,Fails,f,fail,fail,{}
445,155,Fails,f,fail,fail,{}
446,155,Null,f,null,msg,{}
447,155,Equal,t,string,receivedMessage,{}
448,155,Null,f,null,msg,{}
449,155,Boolean,t,boolean,messageSet,{}
450,160,Equal,f,class,RetryAnalyzer,{retry}
451,161,Equal,f,HashSet,enumValuesFromDataProvider,"{enum,values}"
452,163,Equal,f,HashSet,enumValuesFromDataProvider,"{enum,values}"
453,164,Equal,f,HashSet,enumValuesFromDataProvider,{enum}
454,166,Equal,t,int,magicNumberThreadLocal,"{local,thread}"
455,166,Equal,t,int,magicNumberThreadLocal,"{local,thread}"
456,167,Equal,t,int,magicNumberThreadLocal,"{local,thread}"
457,167,Equal,t,int,magicNumberThreadLocal,"{local,thread}"
458,167,Equal,t,int,magicNumberThreadLocal,"{local,thread}"
459,167,Equal,t,int,valueAfterReset,{}
460,167,Equal,t,int,cleanedThreads,{thread}
461,167,Boolean,t,boolean,thread,{thread}
462,167,Boolean,t,boolean,currentThread,"{current,thread}"
463,168,Equal,t,int,magicNumberThreadLocal,"{local,thread}"
464,168,Equal,t,int,valueAfterReset,{}
465,168,Boolean,t,boolean,thread,{thread}
466,169,Equal,t,int,length,"{get,length}"
467,170,Equal,f,byte[],byteBuffer,{buffer}
468,171,Equal,f,byte[],byteBuffer,{buffer}
469,171,Equal,f,byte[],byteBuffer,{buffer}
470,172,Equal,f,byte[],byteBuffer,{}
471,172,Equal,f,byte[],byteBuffer,{}
472,173,Fails,f,fail,fail,{}
473,177,Equal,t,long,dataSourceUnderTest,{open}
474,178,Equal,t,string,headersSet,"{headers,set}"
475,178,Equal,t,string,headersSet,"{headers,set}"
476,178,Equal,t,string,headersSet,"{headers,set}"
477,178,Equal,t,string,headersSet,"{headers,set}"
478,178,Equal,t,string,headersSet,"{headers,set}"
479,178,Equal,t,string,headersSet,"{headers,set}"
480,179,Equal,t,int,testDataSpec,"{data,spec,open}"
481,180,Fails,f,fail,fail,{}
482,180,Boolean,t,boolean,e,{}
483,181,Fails,f,fail,fail,{}
484,182,Fails,f,fail,fail,{}
485,182,Boolean,t,boolean,e,{}
486,183,Fails,f,fail,fail,{}
487,183,Boolean,t,boolean,e,{}
488,184,Fails,f,fail,fail,{}
489,184,Boolean,t,boolean,e,{}
491,184,Equal,t,string,testedContentTypes,"{content,type}"
490,184,Equal,t,int,testedContentTypes,"{content,type}"
492,185,Equal,t,int,dataSourceUnderTest,{}
493,186,Fails,f,fail,fail,{}
494,188,Null,f,null,seekMap,"{seek,map}"
495,188,Equal,t,int,DurationUs,"{seek,map}"
496,188,Boolean,t,boolean,isSeekable,"{seek,map,seekable}"
497,189,Equal,t,int,extractedFrameIndex,{}
498,189,Boolean,t,boolean,firstFrameAfterSeekTimeUs,{seek}
499,189,Boolean,t,boolean,frameFound,{}
500,190,Equal,t,int,extractedFrameIndex,{}
501,190,Boolean,t,boolean,frameFound,{}
502,190,Boolean,t,boolean,firstFrameAfterSeekTimeUs,{seek}
503,191,Equal,t,int,extractedFrameIndex,{}
504,191,Boolean,t,boolean,firstFrameAfterSeekTimeUs,{seek}
505,191,Boolean,t,boolean,frameFound,{}
506,192,Equal,t,int,extractedFrameIndex,{}
507,192,Boolean,t,boolean,firstFrameAfterSeekTimeUs,{seek}
508,192,Boolean,t,boolean,frameFound,{}
509,193,Equal,t,int,firstFrameIndex,{}
510,193,Equal,t,int,trackOutput,{seek}
511,194,Equal,t,int,firstFrameIndex,{}
512,194,Equal,t,int,trackOutput,{seek}
513,195,Equal,t,int,firstFrameIndex,{}
514,195,Equal,t,int,trackOutput,{seek}
515,196,Equal,t,int,firstFrameIndex,{}
516,196,Equal,t,int,trackOutput,{seek}
517,197,Null,f,null,seekmap,"{seek,map}"
518,197,Equal,t,int,DurationUs,"{seek,map}"
519,197,Boolean,t,boolean,isSeekable,"{seek,map,seekable}"
520,198,Fails,f,fail,fail,{}
521,199,Fails,f,fail,fail,{}
522,199,Fails,f,fail,fail,{}
523,201,Boolean,t,boolean,items,{empty}
524,202,Boolean,t,boolean,isExpectedException,{}
525,202,Fails,f,fail,fail,{}
526,203,Fails,f,fail,fail,{}
527,203,Fails,f,fail,fail,{}
528,204,Equal,t,int,index,{}
529,204,Equal,t,int,index,{}
530,205,Equal,t,int,index,{}
531,206,Equal,t,int,index,{}
532,206,Equal,t,int,index,{}
533,207,Equal,t,int,index,{}
534,207,Equal,t,int,index,{}
535,208,Equal,t,int,index,{}
536,208,Equal,t,int,index,{}
537,208,Equal,t,int,index,{}
538,209,Boolean,t,boolean,previous,{}
539,209,Boolean,t,boolean,previous,{}
540,209,Equal,t,string,Url,{}
541,210,Boolean,t,boolean,added,{id}
542,211,Equal,f,List<Tab>,items,{}
543,211,Equal,f,List<Tab>,items,{}
544,212,Equal,t,int,size,{}
545,212,Equal,t,int,tabId,{id}
546,212,Fails,f,fail,fail,{}
547,212,Boolean,t,boolean,isExpectedException,{}
548,214,Boolean,t,boolean,returnedJson,{}
549,214,Boolean,t,boolean,returnedJson,{}
550,214,Boolean,t,boolean,jsonObject,{}
551,214,Boolean,t,boolean,jsonObject,{}
552,215,Boolean,t,boolean,jsonObject,{}
553,215,Equal,t,int,ServiceId,{}
554,215,Equal,t,int,KioskId,{}
555,215,Equal,t,int,TabId,{}
557,215,Equal,t,int,ServiceId,{}
558,215,Equal,t,int,TabId,{}
559,215,Equal,t,string,ChannelName,{}
560,215,Equal,t,string,ChannelUrl,{}
561,215,Equal,t,int,size,{}
562,215,Equal,t,int,TabId,{}
563,215,Equal,t,int,TabId,{}
564,216,Boolean,t,boolean,IsValidDirectoryPath,"{is,valid,directory,path}"
565,217,Boolean,t,boolean,IsValidDirectoryPath,"{is,valid,directory,path}"
566,218,Boolean,t,boolean,IsValidDirectoryPath,"{is,valid,directory,path}"
567,219,Boolean,t,boolean,IsValidDirectoryPath,"{is,valid,directory,path}"
568,220,Boolean,t,boolean,IsValidDirectoryPath,"{is,valid,directory,path}"
569,221,Boolean,t,boolean,IsValidDirectoryPath,"{is,valid,directory,path}"
