1,1,Equal,t,integer,PlayerRoom,"{player,game,room}"
2,2,Equal,t,integer,PlayerRoom,"{player,game,room}"
3,3,Equal,t,integer,room,{room}
4,4,Equal,t,integer,WumpusRoom,"{wumpus,room}"
5,4,Equal,t,integer,WumpusRoom,"{wumpus,room}"
6,6,Boolean,t,boolean,RoomHasBlood,"{room,has,blood}"
7,7,Boolean,t,boolean,true,{}
8,10,Equal,f,enum,DBG,{converter}
9,10,Equal,f,enum,OPT,{converter}
10,10,Equal,t,string,e,{}
11,11,Equal,t,string,TypeDescription,"{type,description}"
12,12,Equal,t,instance,convert,{converter}
13,13,Null,t,null,goo,{}
14,13,Equal,t,integer,size,{}
15,13,Equal,f,enum,get,{}
16,13,Equal,f,enum,get,{}
17,14,Equal,t,"Entry<String, String>",convert,{}
18,14,Equal,f,"Entry<String, String>",convert,{}
19,14,Equal,f,"Entry<String, String>",convert,{}
20,14,Equal,f,"Entry<String, String>",convert,{}
21,16,Throws,f,OptionsParsingException,convert,{}
22,17,Throws,f,OptionsParsingException,convert,{}
23,18,Throws,f,OptionsParsingException,convert,{}
24,19,Equal,f,"Entry<String, String>",convert,{}
25,20,Equal,f,enum,convert,{converter}
26,20,Equal,f,enum,convert,{converter}
27,20,Throws,f,OptionsParsingException,convert,{converter}
28,20,Equal,t,String,e,{}
29,20,Equal,t,String,TypeDescription,{converter}
30,21,Equal,t,enum,convert,{converter}
31,21,Equal,t,enum,convert,{converter}
32,21,Null,t,null,compileMode,{}
33,21,Equal,t,enum,compileMode,{}
34,23,Null,t,null,compileMode,{}
35,23,Equal,t,enum,compileMode,{}
36,24,Null,t,null,compileMode,{}
37,24,Equal,t,enum,compileMode,{}
38,25,Boolean,t,boolean,convert,{}
39,26,Boolean,t,boolean,convert,{}
40,27,Boolean,t,boolean,convert,{}
41,28,Boolean,t,boolean,convert,{}
42,29,Boolean,t,boolean,convert,{}
43,30,Boolean,t,boolean,convert,{}
44,31,Boolean,t,boolean,convert,{}
45,32,Throws,f,UnsupportedOperationException,convert,{}
46,33,Equal,f,enum,convert,{converter}
47,33,Equal,f,enum,convert,{converter}
48,33,Equal,f,enum,convert,{converter}
49,33,Equal,f,enum,convert,{converter}
50,33,Equal,f,enum,convert,{converter}
51,33,Equal,f,enum,convert,{converter}
52,34,Equal,f,enum,convert,{converter}
53,34,Equal,f,enum,convert,{converter}
54,34,Equal,f,enum,convert,{converter}
55,34,Equal,f,enum,convert,{converter}
56,34,Equal,f,enum,convert,{converter}
57,35,Throws,f,OptionsParsingException,convert,{converter}
58,35,Throws,f,OptionsParsingException,convert,{converter}
59,35,Throws,f,OptionsParsingException,convert,{converter}
60,35,Throws,f,OptionsParsingException,convert,{converter}
61,36,Equal,f,Class,DoIt,{}
62,37,Equal,f,Class,DoIt,{}
63,38,Equal,f,Class,DoIt,{}
64,39,Equal,t,String,testString,{test}
65,39,Equal,t,String,testString,{test}
66,40,Equal,t,String,testString,{test}
67,40,Throws,f,OptionsParsingException,parser,{}
68,41,Equal,t,String,testMultipleString,"{test,multiple}"
69,41,Throws,f,OptionsParsingException,parser,{}
70,42,Equal,t,String,testString,{test}
72,43,Equal,t,String,testString,{test}
71,42,Equal,t,String,testString,{test}
73,43,Equal,t,String,testString,{test}
74,44,Equal,t,String,testMultipleString,{test}
75,44,Boolean,t,boolean,testMultipleString,{test}
76,45,Equal,t,String,testString,{test}
77,45,Equal,t,String,testString,{test}
78,46,Equal,t,String,testString,{test}
79,46,Throws,f,OptionsPasingException,enforce,{}
80,47,Equal,f,String[],testListConverters,"{test,list,converter}"
81,47,Equal,t,String,e,{}
82,47,Throws,f,OptionsParsingException,enforce,{}
83,48,Equal,t,String,testStringNullByDefault,"{test,NULL,default}"
85,49,Equal,t,String,testStringNullByDefault,"{test,NULL,default}"
84,48,Equal,t,String,testStringNullByDefault,"{test,NULL,default}"
86,49,Null,f,null,testStringNullByDefault,"{test,NULL,default}"
87,50,Null,f,null,testStringNullByDefault,"{test,NULL,default}"
88,50,Null,f,null,testStringNullByDefault,"{test,NULL,default}"
89,51,Equal,t,String,testString,{test}
90,51,Equal,t,String,testString,{test}
91,52,Equal,t,String,testString,{test}
92,52,Equal,t,String,testString,{test}
93,53,Equal,t,String,testString,{test}
94,53,Equal,t,String,testString,{test}
95,54,Equal,t,String,testString,{test}
96,54,Equal,t,String,testString,{test}
97,55,Equal,t,String,testString,{test}
98,55,Throws,f,OptionsParsingException,enforce,{}
99,56,Equal,t,String,testMultipleStirng,"{test,multiple}"
100,56,Throws,f,OptionsParsingException,enforce,{}
101,57,Equal,t,String,testString,{test}
102,57,Equal,t,String,testString,{test}
103,58,Equal,t,String,testString,{test}
104,58,Equal,t,String,testString,{test}
105,59,Equal,t,String,testMultipleString,{test}
106,59,Boolean,t,boolean,testMultipleString,{test}
107,60,Throws,f,OptionsParsingException,enforce,{}
108,60,Boolean,t,boolean,e,{}
109,61,Equal,t,String,testString,{test}
110,61,Equal,t,String,testString,{test}
111,62,Equal,t,String,testString,{test}
112,62,Throws,f,OptionsParsingException,enforce,{}
113,63,Equal,f,String[],testListConverters,"{test,list,converter}"
114,63,Throws,f,OptionsParsingException,enforce,{}
115,63,Equal,t,String,e,{}
116,64,Equal,t,String,testStringNullByDefault,"{test,NULL,default}"
117,64,Null,f,null,testStringNullByDefault,"{test,NULL,default}"
118,65,Equal,t,String,getWarnings,{warning}
119,66,Equal,t,String,getWarnings,{warning}
120,67,Boolean,t,Boolean,getWarnings,{warning}
121,68,Boolean,t,Boolean,getWarnings,{warning}
122,69,Equal,f,URI,endpoint,{endpoint}
123,70,Equal,t,String,getName,"{context,name}"
124,71,Equal,t,String,getName,{endpoint}
125,72,Equal,f,ImmutableSet,codes,"{code,set}"
126,73,Equal,f,Credentials,creds,{Credentials}
127,74,Equal,f,Credentials,creds,{Credentials}
128,75,Equal,t,String,version,{version}
129,76,Equal,t,String,property,{property}
130,76,Equal,t,String,property,{property}
131,76,Equal,t,String,property,{property}
132,76,Equal,t,String,property,{property}
133,77,Equal,t,integer,size,{module}
134,77,Equal,f,HttpModule,module,{module}
135,78,Equal,t,integer,size,{module}
136,78,Equal,f,LoggingModule,module,{module}
137,79,Equal,t,integer,size,{module}
138,79,Equal,f,EventBusModule,module,{module}
139,80,Equal,t,integer,size,{module}
140,80,Equal,f,ExecutorServiceModule,module,{module}
141,81,Equal,t,integer,size,{module}
142,81,Equal,f,CredentialStoreModule,module,{module}
143,82,Equal,t,integer,size,{}
144,82,Equal,f,LoggingModule,module,{}
145,82,Equal,f,HttpModule,httpModule,{}
146,83,Equal,t,integer,size,{}
147,83,Equal,f,JavaUrlHttpCommandExecutorServiceModule,modules,{}
148,83,Equal,f,JDKLoggingModule,modules,{}
149,84,Equal,t,integer,size,{}
150,84,Equal,f,JavaUrlHttpCommandExecutorServiceModule,modules,{}
151,84,Equal,f,JDKLoggingModule,modules,{}
152,94,Equal,t,String,version,{version}
153,95,Equal,t,integer,majorVersion,"{major,version}"
154,95,Equal,t,integer,minorVersion,"{minor,version}"
155,95,Equal,t,integer,patchVersion,"{patch,version}"
156,96,Boolean,t,boolean,snapshot,{snapshot}
157,97,Boolean,t,boolean,snapshot,{snapshot}
158,98,Boolean,t,boolean,alpha,{version}
159,98,Boolean,t,boolean,beta,{version}
160,98,Boolean,t,boolean,releaseCanidate,{version}
161,98,Null,f,null,alphaVersion,{version}
162,98,Null,f,null,releaseCanidateVersion,{version}
163,98,Null,f,null,betaVersion,{version}
164,99,Boolean,t,boolean,alpha,{alpha}
165,100,Equal,t,integer,alphaVersion,"{alpha,version}"
166,101,Equal,t,integer,betaVersion,"{beta,version}"
167,102,Boolean,t,boolean,beta,{beta}
168,103,Boolean,t,boolean,releaseCandidate,"{release,candidate}"
660,244,Fails,f,fail,fail,{}
169,104,Equal,t,integer,releaseCandidateVersion,"{release,candidate,version}"
170,105,Equal,f,ApiMetadata,toTest,{}
171,106,Boolean,t,boolean,toTest,{to}
172,107,Boolean,t,boolean,all,"{all,contains}"
173,108,Equal,f,ApiMetadata,apiMetadata,{}
174,108,Fails,f,fail,fail,{}
175,109,Equal,f,ApiMetadata,apiMetadata,{}
176,109,Equal,f,ApiMetadata,apiMetadata,{}
177,109,Equal,f,ApiMetadata,apiMetadata,{}
178,109,Equal,t,boolean,hasNext,{}
179,110,Equal,f,ApiMetadata,apiMetadata,{}
180,110,Equal,f,ApiMetadata,apiMetadata,{}
181,110,Equal,f,ApiMetadata,apiMetadata,{}
182,111,Fails,f,fail,fail,{}
183,111,Equal,f,ImmutableSet,toSet,{marker}
184,112,Equal,f,Optional<Object>,arg0,"{arg0,absent}"
185,112,Equal,f,ImmutableSet,toSet,{marker}
186,113,Equal,f,Optional<Object>,arg0,{arg0}
187,113,Equal,f,ImmutableSet,toSet,{marker}
188,114,Equal,f,Optional<Object>,arg0,"{arg0,absent}"
189,114,Equal,f,ImmutableSet,toSet,{marker}
190,115,Equal,f,Optional<Object>,arg0,{arg0}
191,115,Equal,f,ImmutableSet,toSet,{marker}
192,116,Fails,f,fail,fail,{}
193,116,Equal,f,ImmutableSet,toSet,{marker}
194,117,Boolean,t,boolean,args,{args}
195,117,Equal,f,ImmutableSet,toSet,{marker}
196,118,Equal,t,String,args,{args}
197,118,Equal,f,ImmutableSet,toSet,{marker}
198,119,Boolean,t,boolean,args,{args}
199,119,Equal,f,ImmutableSet,toSet,{marker}
200,120,Equal,t,String,args,{args}
201,120,Equal,f,ImmutableSet,toSet,{marker}
202,121,Equal,f,FluentIterable<String>,iterable,{}
203,122,Equal,f,ImmutableSet,iterable,{concat}
204,123,Equal,f,ImmutableSet,initial,{equal}
205,123,Equal,f,Optional<Object>,nextMarker,{equal}
206,124,Equal,f,ImmutableSet,initial,{equal}
207,124,Equal,f,Optional<Object>,nextMarker,{equal}
208,125,Equal,f,PagedIterable<String>,iterable,{same}
209,126,Equal,f,ImmutableSet,iterable,{concat}
210,127,Equal,t,integer,parseReplicaIdFromServerColumn,"{parse,replica,id,from,server,column}"
211,127,Equal,t,integer,parseReplicaIdFromServerColumn,"{parse,replica,id,from,server,column}"
212,127,Equal,t,integer,parseReplicaIdFromServerColumn,"{parse,replica,id,from,server,column}"
213,127,Equal,t,integer,parseReplicaIdFromServerColumn,"{parse,replica,id,from,server,column}"
214,127,Equal,t,integer,parseReplicaIdFromServerColumn,"{parse,replica,id,from,server,column}"
215,127,Equal,t,integer,parseReplicaIdFromServerColumn,"{parse,replica,id,from,server,column}"
216,128,Equal,t,byte[],getServerColumn,{column}
217,128,Equal,t,byte[],getServerColumn,{column}
218,128,Equal,t,byte[],getStartCodeColumn,{column}
219,128,Equal,t,byte[],getSeqNumColumn,{column}
220,128,Equal,t,byte[],getSeqNumColumn,{column}
221,128,Equal,t,byte[],getStartCodeColumn,{column}
222,129,Equal,f,TableName,getTable,"{region,info}"
223,129,Equal,t,long,getRegionId,"{region,info}"
224,129,Equal,t,integer,getReplicaId,"{region,info}"
225,129,Boolean,t,boolean,getStartKey,"{region,info}"
226,129,Boolean,t,boolean,getSeqNumColumn,"{region,info}"
227,130,Boolean,t,boolean,isEmpty,{}
228,130,Equal,t,integer,size,{size}
229,130,Equal,t,integer,numNonNullElements,{}
230,130,Boolean,t,boolean,isEmpty,{}
231,130,Equal,t,integer,size,{size}
232,130,Equal,t,integer,numNonNullElements,{}
233,130,Equal,t,integer,size,{size}
234,130,Equal,t,integer,numNonNullElements,{}
235,130,Equal,t,integer,size,{size}
236,130,Boolean,t,boolean,isEmpty,{}
237,130,Boolean,t,boolean,isEmpty,{}
238,130,Boolean,t,boolean,isEmpty,{}
239,130,Equal,t,integer,size,{size}
241,130,Equal,t,integer,numNonNullElements,{}
240,130,Equal,t,integer,numNonNullElements,{}
242,131,Boolean,t,boolean,removeByServer,"{remove,by,server}"
243,131,Equal,f,ServerName,getServerName,{server}
244,131,Null,f,null,getRegionLocation,{}
245,131,Null,f,null,getRegionLocation,{}
246,131,Null,f,null,getRegionLocation,{}
247,131,Boolean,t,boolean,removeByServer,"{remove,by,server}"
248,131,Boolean,t,integer,numNonNullElements,{}
249,131,Equal,f,ServerName,getServerName,{server}
250,131,Equal,f,ServerName,getServerName,{server}
251,131,Null,f,null,getRegionLocation,{}
252,131,Equal,f,ServerName,getServerName,{server}
253,131,Boolean,t,boolean,removeByServer,"{remove,by,server}"
254,131,Null,f,null,getRegionLocation,{}
255,131,Equal,f,ServerName,getServerName,{server}
256,132,Boolean,t,boolean,remove,{remove}
257,132,Equal,f,ServerName,getServerName,{}
258,132,Null,f,null,getRegionLocation,{}
259,132,Null,f,null,getRegionLocation,{}
260,132,Null,f,null,getRegionLocation,{}
261,132,Equal,f,ServerName,getServerName,{}
262,132,Equal,f,ServerName,getServerName,{}
263,132,Equal,f,ServerName,getServerName,{}
264,132,Null,f,null,getRegionLocation,{}
265,132,Null,f,null,getRegionLocation,{}
266,132,Boolean,t,boolean,isEmpty,{}
267,132,Null,f,null,getRegionLocation,{}
268,132,Boolean,t,boolean,remove,{remove}
269,132,Boolean,t,boolean,remove,{remove}
270,132,Equal,f,ServerName,getServerName,{}
271,132,Equal,f,ServerName,getServerName,{}
272,132,Equal,f,ServerName,getServerName,{}
273,132,Equal,f,ServerName,getServerName,{}
274,132,Null,f,null,getRegionLocation,{}
275,133,Equal,f,ServerName,getServerName,{location}
276,133,Equal,f,ServerName,getServerName,{location}
277,133,Equal,f,ServerName,getServerName,{location}
278,133,Equal,f,ServerName,getServerName,{location}
279,133,Equal,f,ServerName,getServerName,{location}
280,133,Equal,f,ServerName,getServerName,{location}
281,133,Equal,t,integer,size,{}
282,133,Equal,f,ServerName,getServerName,{location}
283,133,Equal,f,ServerName,getServerName,{location}
284,133,Equal,t,integer,size,{}
285,133,Equal,f,ServerName,getServerName,{location}
286,133,Equal,f,ServerName,getServerName,{location}
287,133,Equal,f,ServerName,getServerName,{location}
288,134,Boolean,t,boolean,isEmpty,{}
289,134,Equal,t,integer,size,{}
290,134,Equal,t,integer,numNonNullElements,"{NULL,elements}"
291,134,Equal,t,integer,size,{}
292,134,Equal,t,integer,numNonNullElements,"{NULL,elements}"
293,134,Equal,t,integer,numNonNullElements,"{NULL,elements}"
294,134,Equal,t,integer,size,{}
295,134,Equal,t,integer,numNonNullElements,"{NULL,elements}"
296,134,Equal,t,integer,size,{}
297,134,Equal,t,integer,numNonNullElements,"{NULL,elements}"
298,134,Boolean,t,boolean,isEmpty,{}
299,134,Equal,t,integer,numNonNullElements,"{NULL,elements}"
300,134,Equal,t,integer,size,{}
301,134,Equal,t,integer,size,{}
302,135,Null,f,null,getRegionLocation,"{region,location}"
304,135,Equal,f,ServerName,getServerName,"{region,location}"
303,135,Null,f,null,getRegionLocation,"{region,location}"
305,135,Equal,t,integer,size,{}
306,135,Null,f,null,getRegionLocation,"{region,location}"
307,136,Null,f,null,getRegionLocation,"{region,location}"
308,136,Null,f,null,getRegionLocation,"{region,location}"
309,136,Null,f,null,getRegionLocation,"{region,location}"
310,136,Equal,t,integer,size,{}
311,136,Null,f,null,getRegionLocation,"{region,location}"
312,136,Null,f,null,getRegionLocation,"{region,location}"
313,136,Equal,f,ServerName,getServerName,"{region,location}"
314,136,Null,f,null,getRegionLocation,"{region,location}"
315,137,Boolean,t,boolean,mergeLocations,"{merge,locations}"
316,137,Equal,t,integer,size,{}
317,137,Equal,t,integer,size,{}
318,137,Equal,f,ServerName,getServerName,{location}
319,137,Equal,f,ServerName,getServerName,{location}
320,137,Equal,f,ServerName,getServerName,{location}
321,137,Equal,f,ServerName,getServerName,{location}
322,137,Equal,f,ServerName,getServerName,{location}
323,137,Equal,f,ServerName,getServerName,{location}
324,137,Equal,f,ServerName,getServerName,{location}
325,137,Equal,f,ServerName,getServerName,{location}
326,137,Equal,f,ServerName,getServerName,{location}
327,137,Equal,t,integer,size,{}
328,137,Equal,t,integer,size,{}
329,137,Equal,t,integer,size,{}
330,137,Equal,f,ServerName,getServerName,{location}
331,137,Equal,t,integer,size,{}
333,137,Equal,f,ServerName,getServerName,{location}
661,245,Fails,f,fail,fail,{}
332,137,Equal,f,ServerName,getServerName,{location}
334,137,Equal,f,ServerName,getServerName,{location}
335,137,Equal,f,ServerName,getServerName,{location}
336,137,Equal,f,ServerName,getServerName,{location}
337,137,Equal,f,ServerName,getServerName,{location}
338,137,Equal,f,ServerName,getServerName,{location}
339,139,Equal,t,integer,trace,"{submission,trace}"
340,139,Equal,t,String,trace,{trace}
341,139,Equal,t,String,trace,{trace}
342,139,Equal,t,integer,trace,"{submission,trace}"
343,140,Equal,t,integer,trace,"{submission,trace}"
344,140,Equal,t,String,trace,{trace}
345,140,Equal,t,String,trace,{trace}
346,140,Equal,t,integer,trace,"{submission,trace}"
347,141,Equal,t,integer,trace,"{submission,trace}"
348,141,Equal,t,String,trace,{trace}
349,141,Equal,t,integer,trace,"{submission,trace}"
350,141,Equal,t,String,trace,{trace}
351,143,Boolean,t,boolean,put,{has}
352,143,Boolean,t,boolean,put,{has}
353,144,Boolean,t,boolean,put,{has}
354,144,Boolean,t,boolean,put,{has}
355,145,Boolean,t,boolean,put,{has}
356,145,Boolean,t,boolean,put,{has}
357,146,Boolean,t,boolean,put,{has}
358,146,Boolean,t,boolean,put,{has}
359,146,Boolean,t,boolean,put,{has}
360,146,Boolean,t,boolean,put,{has}
361,146,Boolean,t,boolean,put,{has}
362,147,Equal,f,IOEception,findException,"{find,exception}"
363,148,Equal,t,integer,cp,{}
364,148,Equal,t,integer,cp,{}
365,149,Equal,t,integer,SerializedSize,"{key,only}"
366,149,Boolean,t,boolean,getValueLength,"{key,only}"
367,149,Boolean,t,boolean,getTimestamp,"{key,only}"
368,149,Boolean,t,boolean,getTimestamp,"{key,only}"
369,149,Boolean,t,boolean,getTypeByte,"{key,only}"
370,149,Boolean,t,boolean,getTypeByte,"{key,only}"
371,149,Boolean,t,boolean,getTagsLength,"{key,only}"
372,149,Boolean,t,boolean,getTagsLength,"{key,only}"
373,149,Boolean,t,boolean,matchingValue,"{key,only}"
374,149,Boolean,t,boolean,matchingFamily,"{key,only}"
375,149,Boolean,t,boolean,matchingQualifier,"{key,only}"
376,149,Boolean,t,boolean,matchingRows,"{key,only}"
377,149,Boolean,t,boolean,matchingRows,"{key,only}"
378,149,Boolean,t,boolean,matchingQualifier,"{key,only}"
379,149,Boolean,t,boolean,matchingValue,"{key,only}"
380,149,Boolean,t,boolean,matchingFamily,"{key,only}"
381,149,Equal,t,integer,SerializedSize,"{key,only}"
382,150,Boolean,t,boolean,compareRow,"{cell,compare}"
383,150,Boolean,t,boolean,qualifierStartsWith,"{cell,compare}"
384,150,Boolean,t,boolean,qualifierStartsWith,"{cell,compare}"
385,150,Boolean,t,boolean,qualifierStartsWith,"{cell,compare}"
386,150,Boolean,t,boolean,qualifierStartsWith,"{cell,compare}"
387,150,Boolean,t,boolean,compareValue,"{cell,compare}"
388,150,Boolean,t,boolean,compareValue,"{cell,compare}"
389,150,Boolean,t,boolean,compareRow,"{cell,compare}"
390,150,Boolean,t,boolean,compareRow,"{cell,compare}"
391,150,Boolean,t,boolean,compareRow,"{cell,compare}"
392,150,Boolean,t,boolean,compareRow,"{cell,compare}"
393,150,Equal,t,integer,compareRow,"{cell,compare}"
394,150,Equal,t,integer,compareRow,"{cell,compare}"
395,150,Equal,t,integer,compareQualifier,"{cell,compare}"
396,150,Equal,t,integer,compareQualifier,"{cell,compare}"
397,150,Equal,t,integer,compareQualifier,"{cell,compare}"
398,150,Equal,t,integer,compareQualifier,"{cell,compare}"
399,150,Equal,t,integer,compareValue,"{cell,compare}"
400,150,Equal,t,integer,compareValue,"{cell,compare}"
401,150,Equal,t,integer,compareRow,"{cell,compare}"
402,150,Equal,t,integer,compareRow,"{cell,compare}"
403,150,Equal,t,integer,compareValue,"{cell,compare}"
404,150,Equal,t,integer,compareValue,"{cell,compare}"
405,150,Boolean,t,boolean,compareValue,"{cell,compare}"
406,150,Boolean,t,boolean,compareValue,"{cell,compare}"
407,150,Boolean,t,boolean,compareRow,"{cell,compare}"
408,150,Boolean,t,boolean,compareQualifier,"{cell,compare}"
409,150,Boolean,t,boolean,compareRow,"{cell,compare}"
410,150,Boolean,t,boolean,compareValue,"{cell,compare}"
411,150,Boolean,t,boolean,compareValue,"{cell,compare}"
412,150,Boolean,t,boolean,compareFamily,"{cell,compare}"
413,150,Boolean,t,boolean,compareFamily,"{cell,compare}"
414,150,Boolean,t,boolean,compareRow,"{cell,compare}"
415,150,Boolean,t,boolean,compareQualifier,"{cell,compare}"
416,151,Equal,f,TimeoutIOException,wrapException,"{wrap,exception}"
417,151,Boolean,t,boolean,getMessage,{}
418,151,Equal,f,Throwable ,ioe,{exception}
419,152,Fails,f,error,AssertionError,{}
420,152,Fails,f,error,AssertionError,{}
421,153,Equal,t,String,props,{Sasl}
422,153,Equal,t,String,props,{Sasl}
423,153,Equal,t,String,props,{Sasl}
424,153,Equal,t,String,props,{Sasl}
425,153,Equal,t,String,props,{Sasl}
426,160,Boolean,t,boolean,hasUserName,{}
427,160,Boolean,t,boolean,hasNamespace,{}
428,160,Equal,f,TableName,getTableName,{table}
429,160,Null,f,null,spaceLimitReq,{}
430,160,Null,f,null,spaceQuota,{quota}
431,160,Equal,t,integer,hashCode,{}
432,160,Equal,t,long,getSoftLimit,{quota}
433,160,Equal,f,SpaceLimitSettings,copy,{}
434,160,Equal,f,QuotaType,getQuotaType,{quota}
435,160,Equal,f,SpaceViolationPolicy,getViolationPolicy,{quota}
436,161,Boolean,t,boolean,hasUserName,{}
437,161,Equal,f,TableName,getTableName,{table}
438,161,Boolean,t,boolean,hasNamespace,{}
439,161,Null,f,null,spaceLimitReq,{}
440,161,Equal,f,QuotaType,getQuotaType,{quota}
441,161,Equal,f,SpaceLimitSettings,copy,{}
442,161,Equal,t,long,getSoftLimit,{quota}
443,161,Equal,t,integer,hashCode,{}
444,161,Null,f,null,spaceQuota,{quota}
445,161,Equal,f,SpaceViolationPolicy,getViolationPolicy,{quota}
446,162,Equal,f,QuotaSettings,merge,{merge}
447,162,Equal,f,QuotaSettings,merge,{merge}
448,162,Fails,f,fail,fail,{}
449,163,Null,f,null,fileInfo,"{file,info}"
450,163,Boolean,t,boolean,exists,"{file,info}"
451,164,Null,f,null,fileInfo,"{file,info}"
452,164,Boolean,t,boolean,exists,"{file,info}"
453,165,Equal,f,FileInfo,fileInfo,"{file,info}"
454,166,Null,f,null,files,{file}
455,166,Boolean,t,boolean,exists,"{file,exist}"
456,166,Boolean,t,boolean,empty,{file}
457,167,Null,f,null,files,{}
458,167,Boolean,t,boolean,exists,{exist}
459,167,Boolean,t,boolean,empty,{}
460,168,Null,f,null,files,{files}
461,168,Boolean,t,boolean,exists,{files}
462,168,Equal,f,MockFileInfo,file,{file}
463,168,Equal,f,MockFileInfo,file,{file}
464,168,Equal,f,MockFileInfo,file,{file}
465,169,Null,f,null,files,{files}
466,169,Boolean,t,boolean,exists,{files}
467,169,Equal,f,MockFileInfo,file,{file}
468,170,Null,f,null,changeToken,"{change,token}"
469,170,Boolean,t,boolean,ActiveChangeCallbacks,"{change,token}"
470,171,Null,f,null,changeToken,"{change,token}"
471,171,Boolean,t,boolean,ActiveChangeCallbacks,"{change,token}"
472,172,Null,f,null,changeToken,"{change,token}"
473,172,Boolean,t,boolean,ActiveChangeCallbacks,"{change,token}"
474,172,Boolean,t,boolean,HasChanged,"{change,token,has,changed}"
475,172,Boolean,t,boolean,HasChanged,"{change,token,has,changed}"
476,172,Boolean,t,boolean,HasChanged,"{change,token,has,changed}"
477,172,Boolean,t,boolean,HasChanged,"{change,token,has,changed}"
478,173,Null,f,null,changeToken,"{change,token}"
479,173,Null,f,null,result,{}
480,173,Boolean,t,boolean,ActiveChangeCallbacks,"{change,token}"
481,173,Boolean,t,boolean,HasChanged,"{change,token}"
482,173,Boolean,t,boolean,Callbacks,"{change,token,callback}"
483,173,Boolean,t,boolean,Callbacks,"{change,token,callback}"
484,173,Boolean,t,boolean,Callbacks,"{change,token,callback}"
485,173,Boolean,t,boolean,Callbacks,"{change,token,callback}"
486,173,Boolean,t,boolean,Callbacks,"{change,token,callback}"
487,173,Boolean,t,boolean,hasBeenCalled,{}
488,173,Boolean,t,boolean,Callbacks,"{change,token,callback}"
489,174,Equal,f,EmbeddedItem[],embeddedItems,"{embedded,items}"
490,175,Equal,f,EmbeddedItem[],embeddedItems,"{embedded,items}"
491,176,Equal,f,Manifest,manifest,{manifest}
492,177,Equal,f,Manifest,manifest,{manifest}
493,178,Equal,f,Manifest,manifest,{manifest}
494,179,Equal,f,Manifest,manifest,{manifest}
495,180,Throws,f,InvalidOperationException,BuildManifest,"{build,manifest,invalid,operation,exception,file}"
496,181,Throws,f,InvalidOperationException,BuildManifest,"{build,manifest,invalid,operation,exception,file}"
497,182,Equal,t,String,document,{document}
498,183,Equal,t,String,ReadToEnd,{}
499,184,Null,f,null,fileInfo,"{file,info}"
500,184,Boolean,t,boolean,exists,"{file,info,exist}"
501,185,Null,f,null,fileInfo,"{file,info}"
502,185,Boolean,t,boolean,exists,"{file,info}"
503,185,Equal,t,integer,length,"{file,info}"
504,185,Equal,t,String,name,"{file,info}"
505,185,Null,f,null,PhysicalPath,"{file,info}"
506,185,Boolean,t,boolean,IsDirectory,"{file,info}"
507,185,Equal,f,DateTimeOffset,LastModified,"{file,info}"
508,186,Null,f,null,fileInfo,"{file,info}"
509,186,Boolean,t,boolean,exists,"{file,info,exist}"
510,187,Null,f,null,fileInfo,"{file,info}"
511,187,Boolean,t,boolean,exists,"{file,info}"
512,188,Null,f,null,fileInfo,"{file,info}"
513,188,Equal,f,DateTimeOffset,LastModified,"{file,info}"
514,188,Boolean,t,boolean,exists,"{file,info}"
515,188,Equal,t,String,Name,"{file,info}"
516,188,Boolean,t,boolean,IsDirectory,"{file,info}"
517,188,Null,f,null,PhysicalPath,"{file,info}"
518,188,Boolean,t,boolean,length,"{file,info}"
519,189,Null,f,null,fileInfo,"{file,info}"
520,189,Boolean,t,boolean,exists,"{file,info}"
521,189,Equal,f,DateTimeOffset,LastModified,"{file,info}"
522,189,Equal,t,String,Name,"{file,info}"
523,189,Null,f,null,PhysicalPath,"{file,info}"
524,189,Boolean,t,boolean,IsDirectory,"{file,info}"
525,189,Boolean,t,boolean,length,"{file,info}"
526,190,Equal,t,String,Name,{file}
527,190,Boolean,t,boolean,Exists,"{get,directory,contents,file}"
528,190,Equal,t,String,Name,{file}
529,190,Boolean,t,boolean,Exists,"{get,directory,contents,file}"
530,190,Boolean,t,boolean,Exists,"{get,directory,contents,file}"
531,190,Boolean,t,boolean,Exists,"{get,directory,contents,file}"
532,191,Null,f,null,files,{}
533,191,Boolean,t,boolean,Exists,{exist}
534,191,Boolean,t,boolean,Empty,{}
535,192,Null,f,null,files,{}
536,192,Boolean,t,boolean,Exists,{}
537,192,Boolean,t,boolean,Empty,{}
538,193,Null,f,null,token,{}
539,193,Boolean,t,boolean,ActiveChangeCallbacks,{}
540,193,Boolean,t,boolean,HasChanged,{}
541,194,Null,t,null,manifest,{manifest}
542,195,Null,t,null,manifest,{manifest}
543,196,Throws,t,InvalidOperationException,Parse,{parse}
544,197,Throws,t,InvalidOperationException,Parse,{parse}
545,198,Null,t,null,result,{}
546,199,Equal,t,ManifestEntry,result,"{unknown,path}"
547,200,Equal,t,ManifestEntry,result,"{unknown,path}"
548,201,Equal,t,ManifestEntry,result,{}
549,202,Equal,t,ManifestEntry,result,{}
550,203,Equal,t,ManifestEntry,result,{}
551,204,Equal,t,ManifestEntry,result,{}
552,205,Equal,t,ManifestEntry,result,"{unknown,path}"
553,206,Equal,t,String,Name,{}
554,206,Equal,t,String,FullName,{}
555,206,Boolean,t,boolean,Empty,{empty}
556,207,Equal,t,String,Name,{}
558,208,Equal,t,String,Name,{}
560,208,Boolean,t,boolean,Empty,{}
561,209,Equal,t,String,Name,{}
563,209,Equal,t,String,Name,{}
564,209,Boolean,t,boolean,Empty,{}
557,207,Equal,t,integer,contents,{}
559,208,Equal,t,integer,contents1,{}
562,209,Equal,t,integer,contents1,{}
565,210,Equal,t,String,Name,{}
566,210,Equal,t,integer,Count,{}
567,210,Equal,t,String,Name,{}
568,210,Equal,t,integer,contents2,{}
569,210,Equal,t,integer,Empty,{}
570,211,Boolean,t,boolean,result,{}
571,212,Boolean,t,boolean,result,{}
572,213,Boolean,t,boolean,result1,{}
573,213,Boolean,t,boolean,result2,{}
574,214,Boolean,t,boolean,result1,{}
575,214,Boolean,t,boolean,result2,{}
576,215,Boolean,t,boolean,result1,{}
577,215,Boolean,t,boolean,result2,{}
578,216,Boolean,t,boolean,result1,{}
579,216,Boolean,t,boolean,result2,{}
580,217,Null,f,null,odcm,"{odcm,model}"
581,218,Equal,t,integer,count,"{odcm,namespace,schema}"
582,219,Boolean,t,boolean,odcmModel,"{odcm,entity,container}"
583,219,Equal,f,OdcmServiceClass,odcmClass,"{odcm,class}"
584,220,Boolean,t,boolean,odcmModel,"{odcm,enum,type}"
585,220,Equal,f,OdcmEnum,odcmEnum,"{odcm,enum}"
586,220,Equal,t,integer,Count,"{odcm,enum}"
587,221,Boolean,t,boolean,odcmModel,"{odcm,enum}"
588,221,Equal,t,integer,Count,"{odcm,enum}"
589,221,Equal,f,OdcmEnum,odcmEnum,"{odcm,enum}"
590,221,Boolean,t,boolean,IsFlags,"{odcm,enum,is,flags}"
591,222,Boolean,t,boolean,odcmModel,"{odcm,enum,type}"
592,222,Equal,f,OdcmEnum,odcmEnum,"{odcm,enum}"
593,222,Equal,t,integer,Count,"{odcm,enum}"
594,222,Boolean,t,boolean,FullName,"{odcm,enum,underlying,type}"
595,223,Boolean,t,boolean,odcmModel,"{odcm,enum,type}"
596,223,Equal,f,OdcmEnum,odcmEnum,"{odcm,enum}"
597,223,Equal,t,integer,Count,"{odcm,enum}"
598,223,Boolean,t,boolean,FullName,"{odcm,enum,underlying,type}"
599,224,Boolean,t,boolean,TryResolveType,"{odcm,complex,type}"
600,224,Boolean,t,boolean,odcmComplexType,"{odcm,complex,type,class}"
601,224,Equal,t,integer,Count,"{odcm,complex,type}"
602,225,Boolean,t,boolean,TryResolveType,{odcm}
603,225,Boolean,t,boolean,odcmComplexType,"{odcm,class}"
604,225,Boolean,t,boolean,isAbstract,"{odcm,is,abstract}"
605,226,Boolean,t,boolean,TryResolveType,{odcm}
606,226,Boolean,t,boolean,odcmComplexType,"{odcm,class}"
607,226,Boolean,t,boolean,isOpen,"{odcm,is,abstract}"
608,227,Boolean,t,boolean,TryResolveType,"{odcm,base,type}"
609,227,Boolean,t,boolean,odcmBaseType,"{odcm,class,base}"
610,227,Boolean,t,boolean,TryResolveType,"{odcm,type}"
611,227,Equal,f,OdcmType,Base,"{bast,type,odcm}"
612,227,Equal,t,boolean,odcmComplexType,"{odcm,class}"
613,227,Boolean,t,boolean,Derived,"{odcm,base,type}"
614,228,Equal,f,SoundState,State,"{sound,play}"
615,228,Equal,f,SoundState,State,"{sound,pause}"
616,228,Equal,f,SoundState,State,"{sound,pause}"
617,228,Equal,f,SoundState,State,"{sound,stop}"
618,228,Equal,f,SoundState,State,"{sound,play}"
619,229,Throws,f,InvalidOperationException,Begin,{begin}
620,230,Throws,f,InvalidOperationException,End,{}
621,231,Throws,f,InvalidOperationException,Dispose,{}
622,232,Fails,f,fail,fail,{}
623,232,Fails,f,fail,fail,{}
624,232,Fails,f,fail,fail,{}
625,233,Fails,f,fail,fail,{}
626,233,Fails,f,fail,fail,{}
627,233,Fails,f,fail,fail,{}
628,234,Fails,f,fail,fail,{}
629,234,Fails,f,fail,fail,{}
630,234,Fails,f,fail,fail,{}
631,235,Fails,f,fail,fail,{}
632,235,Fails,f,fail,fail,{}
633,235,Fails,f,fail,fail,{}
634,236,Fails,f,fail,fail,{}
635,236,Fails,f,fail,fail,{}
636,236,Fails,f,fail,fail,{}
637,237,Fails,f,fail,fail,{}
638,237,Fails,f,fail,fail,{}
639,237,Fails,f,fail,fail,{}
640,238,Fails,f,fail,fail,{}
641,238,Fails,f,fail,fail,{}
642,238,Fails,f,fail,fail,{}
643,239,Fails,f,fail,fail,{}
644,239,Fails,f,fail,fail,{}
645,239,Fails,f,fail,fail,{}
646,240,Fails,f,fail,fail,{}
647,240,Fails,f,fail,fail,{}
648,240,Fails,f,fail,fail,{}
649,240,Fails,f,fail,fail,{}
650,240,Fails,f,fail,fail,{}
651,240,Fails,f,fail,fail,{}
652,242,Fails,f,fail,fail,{}
653,242,Fails,f,fail,fail,{}
654,242,Fails,f,fail,fail,{}
655,243,Fails,f,fail,fail,{}
656,243,Fails,f,fail,fail,{}
657,243,Fails,f,fail,fail,{}
658,244,Fails,f,fail,fail,{}
659,244,Fails,f,fail,fail,{}
662,245,Fails,f,fail,fail,{}
663,245,Fails,f,fail,fail,{}
664,246,Throws,f,ArgumentNullException,Draw,{draw}
665,247,Null,f,null,Textures,{texture}
666,247,Equal,f,Texture2D,Textures,{texture}
667,248,Equal,f,Texture2D,Textures,{texture}
668,248,Equal,f,Texture2D,Textures,{texture}
669,249,Equal,t,boolean,keyDown,{}
670,249,Equal,t,boolean,keyDown,{}
671,249,Equal,t,boolean,keyDown,{}
672,250,Equal,t,boolean,CapsLock,{state}
673,250,Equal,t,boolean,NumLock,{state}
674,250,Equal,t,boolean,IsKeyDown,{state}
675,250,Equal,t,boolean,IsKeyUp,{state}
676,252,Equal,t,integer,length,{keys}
677,252,Equal,f,Keys[],keys,{keys}
678,253,Equal,f,Loop,PreLoop,{clone}
679,253,Equal,f,Loop,PostLoop,{clone}
680,253,Equal,f,CurveKey,Keys,{clone}
681,254,Equal,t,float,result,{}
682,254,Equal,t,float,result,{}
683,256,Equal,t,float,result,{}
684,257,Equal,t,float,result,{}
685,258,Equal,t,boolean,IsConstant,"{is,constant}"
686,258,Equal,t,boolean,IsConstant,"{is,constant}"
687,258,Equal,t,boolean,IsConstant,"{is,constant}"
688,259,Equal,t,float,TangentIn,{tangent}
689,259,Equal,t,float,TangentOut,{tangent}
690,259,Equal,t,float,TangentOut,{tangent}
691,259,Equal,t,float,TangentOut,{tangent}
692,259,Equal,t,float,TangentOut,{tangent}
693,259,Equal,t,float,TangentOut,{tangent}
694,259,Equal,t,float,TangentOut,{tangent}
695,259,Equal,t,float,TangentOut,{tangent}
696,259,Equal,t,float,TangentOut,{tangent}
697,259,Equal,t,float,TangentIn,{tangent}
698,259,Equal,t,float,TangentIn,{tangent}
699,259,Equal,t,float,TangentOut,{tangent}
700,259,Equal,t,float,TangentIn,{tangent}
701,259,Equal,t,float,TangentIn,{tangent}
702,259,Equal,t,float,TangentIn,{tangent}
703,259,Equal,t,float,TangentIn,{tangent}
704,259,Equal,t,float,TangentIn,{tangent}
705,259,Equal,t,float,TangentIn,{tangent}
706,260,Equal,t,float,TangentIn,{tangent}
707,260,Equal,t,float,TangentOut,{tangent}
708,260,Equal,t,float,TangentOut,{tangent}
709,260,Equal,t,float,TangentOut,{tangent}
710,260,Equal,t,float,TangentOut,{tangent}
711,260,Equal,t,float,TangentOut,{tangent}
712,260,Equal,t,float,TangentOut,{tangent}
713,260,Equal,t,float,TangentOut,{tangent}
714,260,Equal,t,float,TangentOut,{tangent}
715,260,Equal,t,float,TangentIn,{tangent}
716,260,Equal,t,float,TangentIn,{tangent}
717,260,Equal,t,float,TangentIn,{tangent}
718,260,Equal,t,float,TangentIn,{tangent}
719,260,Equal,t,float,TangentIn,{tangent}
720,260,Equal,t,float,TangentIn,{tangent}
721,260,Equal,t,float,TangentIn,{tangent}
722,260,Equal,t,float,TangentOut,{tangent}
723,260,Equal,t,float,TangentIn,{tangent}
724,261,Fails,f,fail,fail,{}
725,262,Fails,f,fail,fail,{}
726,263,Fails,f,fail,fail,{}
727,264,Equal,t,float,outputMatrix,"{output,matrix}"
728,264,Equal,t,float,outputMatrix,"{output,matrix}"
